Timestamp,Agent,Input,Output
2026-02-01 15:03:29,Editorial Director,Upcoming Mustard Harvest (Instagram Caption),"As the sun begins to cast its golden glow over our fields, we prepare for the much-anticipated mustard harvest at Pure Rooted. 🌿✨ With deep respect for our land and traditions, our Kachchi Ghani Mustard Oil is crafted through the ancient art of wood-pressing, ensuring every drop is as pure and potent as nature intended. 🌾💛

Embrace the rich, dark, and pungent warmth of our oil, untouched by industrial shortcuts or adulteration. From our sacred soil to your soul, we are committed to bringing you the essence of true Swadeshi spirit. 🌱🕉️

Join us in celebrating the bounty of nature and the wisdom of Ayurveda. #PureRooted #MustardHarvest #KachchiGhani #FarmToTable #AyurvedaWisdom"
2026-02-01 15:05:18,Sales Liaison,"Organic Soul Boutique, Mumbai","I am unable to access current information about ""Organic Soul Boutique, Mumbai"" at this moment. However, I will draft a cold email based on the core philosophy and product USP of ""Pure Rooted.""

---

Subject: A Journey from the Soil to the Soul with Pure Rooted

Dear [Recipient's Name],

I hope this email finds you well. My name is [Your Name], and I am reaching out to you on behalf of Pure Rooted, a brand deeply embedded in the rich traditions of Uttar Pradesh, India. We admire your commitment to ethical practices and believe that our values align closely with those of Organic Soul Boutique.

At Pure Rooted, we stand as guardians of purity and tradition, offering products that are a testament to our Swadeshi, farm-to-table ethos, and Ayurvedic roots. Our mission is clear: to fight against adulteration, chemical extractions, and lack of transparency, promising products that genuinely speak from the soil to the soul.

Allow me to introduce our Product USP Trinity, crafted with utmost care:

1. **Kachchi Ghani Mustard Oil**: Cold-pressed below 50°C, this oil is dark and viscous with a strong pungency, free from any blending with argemone or palm oil. 

2. **A2 Desi Cow Ghee**: Made using the ancient Bilona method, our ghee boasts a grainy texture and a slight yellow hue, derived from indigenous cows such as Sahiwal and Gir.

3. **Organic Turmeric Powder**: Stone-ground at low RPM, ensuring high curcumin content, our turmeric is a deep orange-yellow, naturally pure.

We believe that our dedication to absolute purity and traditional methods would resonate well with Organic Soul Boutique's values and clientele. We would love the opportunity to discuss how our offerings could complement your esteemed collection.

Thank you for considering this collaboration. I look forward to the possibility of working together to spread the message of purity and authenticity.

Warm regards,

[Your Full Name]  
[Your Position]  
Pure Rooted  
[Your Contact Information]  

--- 

Please let me know if there are any specific details you would like me to include or modify in this email."
